{"loss": [7.355487823486328, 6.859804153442383, 6.745750904083252, 6.671367645263672, 6.583120822906494, 6.475546836853027, 6.36340856552124, 6.2636308670043945, 6.175660610198975, 6.107473850250244, 6.045589447021484, 5.988315105438232, 5.934374809265137, 5.879255294799805, 5.820695400238037, 5.76321268081665, 5.703606128692627, 5.6372504234313965, 5.570550918579102, 5.504858016967773, 5.431872367858887, 5.358577251434326, 5.289158821105957, 5.214728832244873, 5.144351005554199, 5.069764614105225, 4.998936176300049, 4.928073406219482, 4.855005264282227, 4.784609794616699, 4.713681221008301, 4.6466755867004395, 4.570328235626221, 4.506316184997559, 4.444267272949219, 4.373939514160156, 4.314840793609619, 4.25691032409668, 4.204286575317383, 4.132812023162842, 4.0829997062683105, 4.030972003936768, 3.9818732738494873, 3.930295705795288, 3.882967233657837, 3.830374240875244, 3.78767466545105, 3.7443578243255615, 3.7019991874694824, 3.6511969566345215], "accuracy": [0.03000163659453392, 0.02955140732228756, 0.03037000633776188, 0.03139325603842735, 0.03425835072994232, 0.03777832165360451, 0.039824821054935455, 0.0417894572019577, 0.04502291977405548, 0.04629174992442131, 0.04837917536497116, 0.05079403892159462, 0.051407989114522934, 0.052267517894506454, 0.054395873099565506, 0.05660609155893326, 0.058980025351047516, 0.06139489263296127, 0.06385068595409393, 0.06601997464895248, 0.06896692514419556, 0.07207760214805603, 0.07285527139902115, 0.07748035341501236, 0.08009986579418182, 0.08177799731492996, 0.08591192215681076, 0.08812213689088821, 0.09070072323083878, 0.09074164927005768, 0.09860019385814667, 0.10130157321691513, 0.10441224277019501, 0.10944662988185883, 0.11325310915708542, 0.11865586042404175, 0.12467256188392639, 0.12745580077171326, 0.13142599165439606, 0.1380566507577896, 0.14407335221767426, 0.14742960035800934, 0.15504257380962372, 0.15934020280838013, 0.16531598567962646, 0.16981826722621918, 0.1746480017900467, 0.18136051297187805, 0.18668140470981598, 0.19400785863399506], "val_loss": [7.22690486907959, 7.311578273773193, 7.43264102935791, 7.475317478179932, 7.528080463409424, 7.584927082061768, 7.768230438232422, 7.896178245544434, 8.062530517578125, 8.222709655761719, 8.403202056884766, 8.527936935424805, 8.643216133117676, 8.79481029510498, 8.85124397277832, 9.05220890045166, 9.182913780212402, 9.264451026916504, 9.376519203186035, 9.588908195495605, 9.65793228149414, 9.8521089553833, 9.994732856750488, 10.175946235656738, 10.367615699768066, 10.58735466003418, 10.88060474395752, 11.001623153686523, 11.177450180053711, 11.472349166870117, 11.63999080657959, 11.822161674499512, 12.096564292907715, 12.374191284179688, 12.528493881225586, 12.6530179977417, 12.963583946228027, 13.101794242858887, 13.3140230178833, 13.49894905090332, 13.659652709960938, 13.853106498718262, 13.932795524597168, 14.273292541503906, 14.354586601257324, 14.508681297302246, 14.740248680114746, 14.907176971435547, 15.053401947021484, 15.26423454284668], "val_accuracy": [0.028650948777794838, 0.029305828735232353, 0.028650948777794838, 0.02963326871395111, 0.03192534297704697, 0.03912901133298874, 0.04125736653804779, 0.03880157321691513, 0.039783891290426254, 0.038146693259477615, 0.036836933344602585, 0.03536345809698105, 0.03225278481841087, 0.03372626006603241, 0.03225278481841087, 0.03159790486097336, 0.030615586787462234, 0.031434185802936554, 0.030943024903535843, 0.030124427750706673, 0.03176162391901016, 0.02963326871395111, 0.03225278481841087, 0.0333988219499588, 0.02668631263077259, 0.028978388756513596, 0.02881466969847679, 0.02832351066172123, 0.026031434535980225, 0.02619515359401703, 0.0291421078145504, 0.027177471667528152, 0.024394236505031586, 0.023084478452801704, 0.02537655457854271, 0.018991487100720406, 0.02242960035800934, 0.020956123247742653, 0.019810084253549576, 0.019318925216794014, 0.021447282284498215, 0.02128356322646141, 0.021119842305779457, 0.020301245152950287, 0.02079240418970585, 0.021774722263216972, 0.019318925216794014, 0.020137524232268333, 0.019810084253549576, 0.02046496421098709]}