{"loss": [7.499748229980469, 6.965307235717773, 6.828807830810547, 6.738212585449219, 6.674475193023682, 6.5863237380981445, 6.496041774749756, 6.411230087280273, 6.3266520500183105, 6.24498176574707, 6.179871082305908, 6.118929386138916, 6.064006328582764, 6.019556999206543, 5.967151165008545, 5.920116424560547, 5.869104862213135, 5.815431118011475, 5.764455795288086, 5.713828086853027, 5.655700206756592, 5.731951713562012, 5.687816619873047, 5.592227935791016, 5.542367458343506, 5.436527729034424, 5.362722396850586, 5.366968154907227, 5.229941368103027, 5.159127235412598, 5.089017868041992, 5.041660785675049, 4.970468044281006, 4.920510768890381, 4.857455253601074, 4.785084247589111, 4.7171711921691895, 4.660124778747559, 4.599642753601074, 4.533266544342041, 4.476884841918945, 4.413809776306152, 4.351335048675537, 4.291609287261963, 4.2385993003845215, 4.17983341217041, 4.127388954162598, 4.082086563110352, 4.026679039001465, 3.9823880195617676], "accuracy": [0.02627701312303543, 0.030288146808743477, 0.030288146808743477, 0.029796987771987915, 0.030615586787462234, 0.033889979124069214, 0.035199739038944244, 0.037328094244003296, 0.03970203176140785, 0.041380155831575394, 0.04117550700902939, 0.04301735386252403, 0.04326293244957924, 0.046496398746967316, 0.046414539217948914, 0.047355927526950836, 0.04915684461593628, 0.05030288174748421, 0.051407989114522934, 0.05341355502605438, 0.05300425738096237, 0.05247216671705246, 0.05251309648156166, 0.05374099686741829, 0.05468238517642021, 0.05697445943951607, 0.05754747986793518, 0.05885723605751991, 0.060126062482595444, 0.0624590702354908, 0.06606090068817139, 0.06765717267990112, 0.06847576797008514, 0.07236411422491074, 0.07400131225585938, 0.07653896510601044, 0.07821708917617798, 0.08427472412586212, 0.08918631076812744, 0.0918058305978775, 0.09516208618879318, 0.10232482105493546, 0.1041666641831398, 0.11001964658498764, 0.11517681926488876, 0.12373117357492447, 0.1285609006881714, 0.1331041306257248, 0.14362311363220215, 0.146406352519989], "val_loss": [7.254979610443115, 7.3690032958984375, 7.396096229553223, 7.4679436683654785, 7.551501274108887, 7.615823268890381, 7.63639497756958, 7.749936103820801, 7.840919017791748, 7.8743696212768555, 8.054052352905273, 8.133381843566895, 8.249800682067871, 8.380207061767578, 8.490350723266602, 8.637104034423828, 8.763245582580566, 8.925827026367188, 8.961329460144043, 9.111067771911621, 9.314630508422852, 8.978073120117188, 9.3269681930542, 9.268179893493652, 9.506957054138184, 9.7077054977417, 9.632429122924805, 10.09587287902832, 10.224530220031738, 10.500628471374512, 10.751327514648438, 10.970410346984863, 10.943709373474121, 11.165818214416504, 11.352980613708496, 11.49286937713623, 11.737161636352539, 11.837072372436523, 12.023924827575684, 12.218746185302734, 12.402627944946289, 12.644017219543457, 12.80574893951416, 12.955368041992188, 13.099444389343262, 13.273324966430664, 13.405396461486816, 13.577141761779785, 13.73422908782959, 13.895408630371094], "val_accuracy": [0.028650948777794838, 0.028650948777794838, 0.028650948777794838, 0.029796987771987915, 0.02996070683002472, 0.03176162391901016, 0.03192534297704697, 0.03667321428656578, 0.03667321428656578, 0.03487229719758034, 0.03470857813954353, 0.03503601998090744, 0.03290766105055809, 0.03487229719758034, 0.031434185802936554, 0.029796987771987915, 0.02881466969847679, 0.028978388756513596, 0.027832351624965668, 0.02668631263077259, 0.027996070683002472, 0.026031434535980225, 0.02701375260949135, 0.025703994557261467, 0.0229207593947649, 0.022265881299972534, 0.02455795742571354, 0.020137524232268333, 0.01915520615875721, 0.02161100134253502, 0.01997380517423153, 0.018991487100720406, 0.01964636519551277, 0.013425016775727272, 0.018664047122001648, 0.016371970996260643, 0.017026850953698158, 0.014079894870519638, 0.01538965292274952, 0.01620825193822384, 0.017190570011734962, 0.01620825193822384, 0.01588081195950508, 0.016535690054297447, 0.01620825193822384, 0.015717092901468277, 0.015553372912108898, 0.017681729048490524, 0.0145710539072752, 0.016371970996260643]}