{"loss": [7.242478370666504, 6.824077606201172, 6.696054458618164, 6.5736212730407715, 6.447134017944336, 6.3354058265686035, 6.240046977996826, 6.156498908996582, 6.07869815826416, 5.997505187988281, 5.921425819396973, 5.84621524810791, 5.765694618225098, 5.686506271362305, 5.603096961975098, 5.513792514801025, 5.422949314117432, 5.328816890716553, 5.235682010650635, 5.138120651245117, 5.051609039306641, 4.960797309875488, 4.872556686401367, 4.785584926605225, 4.698303699493408, 4.614247798919678, 4.532477378845215, 4.459702491760254, 4.375235557556152, 4.302628040313721, 4.233492374420166, 4.1616597175598145, 4.100697040557861, 4.036502361297607, 3.972532272338867, 3.9137094020843506, 3.855811834335327, 3.7990481853485107, 3.7516469955444336, 3.695742607116699, 3.6650784015655518, 3.6040170192718506, 3.5717697143554688, 3.522251844406128, 3.4836273193359375, 3.437260150909424, 3.394412040710449, 3.3596136569976807, 3.324230670928955, 3.282531976699829], "accuracy": [0.027300262823700905, 0.030124427750706673, 0.031065816059708595, 0.033521611243486404, 0.03949737921357155, 0.04211689531803131, 0.04416339099407196, 0.046864766627550125, 0.04952521249651909, 0.05165356770157814, 0.05365913733839989, 0.05717910826206207, 0.06074001267552376, 0.06413719803094864, 0.06556974351406097, 0.06917157769203186, 0.07269155234098434, 0.07645710557699203, 0.0789128988981247, 0.08386541903018951, 0.08816306293010712, 0.09033235162496567, 0.09557138383388519, 0.10146529227495193, 0.10338899493217468, 0.11030615866184235, 0.11480844765901566, 0.11963818222284317, 0.12295350432395935, 0.13036182522773743, 0.13551899790763855, 0.14022593200206757, 0.14857563376426697, 0.1539374589920044, 0.16142763197422028, 0.1662983000278473, 0.17603962123394012, 0.18160608410835266, 0.18835952877998352, 0.19515389204025269, 0.1996561884880066, 0.20902913808822632, 0.21083006262779236, 0.2166421115398407, 0.22241322696208954, 0.23219548165798187, 0.23592010140419006, 0.24287819862365723, 0.24922233819961548, 0.25532087683677673], "val_loss": [7.167923450469971, 7.335824966430664, 7.3920063972473145, 7.531593322753906, 7.633054256439209, 7.7748565673828125, 7.916073799133301, 8.033821105957031, 8.231614112854004, 8.453396797180176, 8.55052375793457, 8.636655807495117, 8.85807991027832, 8.958271026611328, 9.159568786621094, 9.521432876586914, 9.838247299194336, 9.930864334106445, 10.15867805480957, 10.643077850341797, 11.004363059997559, 11.07434368133545, 11.501203536987305, 11.893571853637695, 12.061367988586426, 12.442268371582031, 12.64240837097168, 13.099252700805664, 13.298600196838379, 13.755735397338867, 13.902947425842285, 14.310471534729004, 14.678187370300293, 15.069247245788574, 15.432873725891113, 15.675281524658203, 15.90826416015625, 16.134138107299805, 16.569643020629883, 16.851465225219727, 17.153057098388672, 17.28670310974121, 17.534730911254883, 17.78840446472168, 18.111074447631836, 18.442590713500977, 18.394126892089844, 18.927824020385742, 19.045215606689453, 19.070287704467773], "val_accuracy": [0.028650948777794838, 0.028650948777794838, 0.0291421078145504, 0.03667321428656578, 0.038146693259477615, 0.041912246495485306, 0.03962016850709915, 0.041093647480010986, 0.036836933344602585, 0.03880157321691513, 0.032743941992521286, 0.033889979124069214, 0.03241650387644768, 0.031106745824217796, 0.03127046674489975, 0.033071380108594894, 0.030288146808743477, 0.028487229719758034, 0.027832351624965668, 0.02832351066172123, 0.027177471667528152, 0.027832351624965668, 0.02455795742571354, 0.028159789741039276, 0.023411918431520462, 0.022757040336728096, 0.02210216037929058, 0.022265881299972534, 0.02423051744699478, 0.02242960035800934, 0.020628683269023895, 0.021447282284498215, 0.018500328063964844, 0.016371970996260643, 0.020301245152950287, 0.018664047122001648, 0.018664047122001648, 0.018664047122001648, 0.01964636519551277, 0.01588081195950508, 0.017354289069771767, 0.01784544810652733, 0.018664047122001648, 0.017681729048490524, 0.01588081195950508, 0.016371970996260643, 0.018172888085246086, 0.01833660714328289, 0.017190570011734962, 0.016371970996260643]}