{"loss": [7.501401901245117, 6.962658405303955, 6.825096607208252, 6.736746311187744, 6.667506217956543, 6.57438325881958, 6.501743793487549, 6.435378551483154, 6.37123966217041, 6.305042266845703, 6.237698078155518, 6.180743217468262, 6.125166416168213, 6.077365875244141, 6.03319787979126, 5.9925007820129395, 5.9477057456970215, 5.903964996337891, 5.862278938293457, 5.813384532928467, 5.760234832763672, 5.710507869720459, 5.653123378753662, 5.600259304046631, 5.540534019470215, 5.486358642578125, 5.429443359375, 5.3616180419921875, 5.313067436218262, 5.253743648529053, 5.197302341461182, 5.145005226135254, 5.08056116104126, 5.0294575691223145, 4.966714382171631, 4.91045618057251, 4.8530378341674805, 4.795994758605957, 4.743794918060303, 4.686587810516357, 4.632989883422852, 4.582783222198486, 4.531647682189941, 4.4796953201293945, 4.431255340576172, 4.380213260650635, 4.342298984527588, 4.294212818145752, 4.241156101226807, 4.202444076538086, 4.164024829864502, 4.122162818908691, 4.086088180541992, 4.045180797576904, 4.012044429779053, 3.973259925842285, 3.926318883895874, 3.883462905883789, 3.854652166366577, 3.8066883087158203, 3.778200387954712, 3.7398488521575928, 3.7129039764404297, 3.673548698425293, 3.643549680709839, 3.604836940765381, 3.560091495513916, 3.530545234680176, 3.4927003383636475, 3.467972755432129, 3.435598134994507, 3.3957626819610596, 3.3747029304504395, 3.3416030406951904, 3.3143866062164307, 3.282158374786377, 3.2448272705078125, 3.23002552986145, 3.189830780029297, 3.174461603164673, 3.1383495330810547, 3.1052632331848145, 3.07633376121521, 3.049102544784546, 3.0304956436157227, 3.0026373863220215, 2.9784774780273438, 2.9436581134796143, 2.915903091430664, 2.905989170074463, 2.876662492752075, 2.864417791366577, 2.8216145038604736, 2.8091373443603516, 2.780595064163208, 2.7610373497009277, 2.74617075920105, 2.725390672683716, 2.687321186065674, 2.670269012451172], "accuracy": [0.024680746719241142, 0.029919777065515518, 0.03000163659453392, 0.03041093610227108, 0.030492795631289482, 0.03290766105055809, 0.03470857813954353, 0.036100197583436966, 0.038187623023986816, 0.03921087086200714, 0.04031597822904587, 0.04133922606706619, 0.04203503578901291, 0.043590374290943146, 0.044408973306417465, 0.04539129137992859, 0.04616895690560341, 0.047314997762441635, 0.04743778705596924, 0.0501391626894474, 0.05124427005648613, 0.052635885775089264, 0.05537819117307663, 0.056524232029914856, 0.057670269161462784, 0.058570727705955505, 0.059348396956920624, 0.06114931404590607, 0.06282743811607361, 0.06385068595409393, 0.06552881747484207, 0.06810740381479263, 0.06994924694299698, 0.07211853563785553, 0.07576129585504532, 0.07662082463502884, 0.0794449895620346, 0.08190078288316727, 0.0834151953458786, 0.087385393679142, 0.091764897108078, 0.09405697137117386, 0.09634905308485031, 0.10134249925613403, 0.1043713167309761, 0.1084233820438385, 0.11116568744182587, 0.11755075305700302, 0.12311722338199615, 0.12606418132781982, 0.12626883387565613, 0.13253110647201538, 0.1337999403476715, 0.13867059350013733, 0.14288638532161713, 0.14820726215839386, 0.15663883090019226, 0.15733464062213898, 0.162942036986351, 0.16985920071601868, 0.17342010140419006, 0.17563031613826752, 0.18234282732009888, 0.18619024753570557, 0.19335298240184784, 0.19511297345161438, 0.20583660900592804, 0.2083333283662796, 0.21463654935359955, 0.21791093051433563, 0.2211853265762329, 0.2291666716337204, 0.23084479570388794, 0.2339554727077484, 0.2410772740840912, 0.2507776618003845, 0.25548461079597473, 0.253806471824646, 0.2632612884044647, 0.2655124366283417, 0.2709970474243164, 0.27644073963165283, 0.28098395466804504, 0.2888015806674957, 0.28904715180397034, 0.29322201013565063, 0.2950229346752167, 0.30963489413261414, 0.3072200417518616, 0.30967584252357483, 0.3172888159751892, 0.3202357590198517, 0.3251064121723175, 0.32719385623931885, 0.3302226662635803, 0.3361984193325043, 0.3422151207923889, 0.34299278259277344, 0.34810903668403625, 0.3548624813556671], "val_loss": [7.250852584838867, 7.3683552742004395, 7.375332355499268, 7.448604583740234, 7.571189880371094, 7.635155200958252, 7.66355037689209, 7.688626766204834, 7.794258117675781, 7.841725826263428, 7.918185710906982, 8.073630332946777, 8.183213233947754, 8.286004066467285, 8.435844421386719, 8.46855640411377, 8.557312965393066, 8.747486114501953, 8.825151443481445, 8.877169609069824, 9.064940452575684, 9.060460090637207, 9.345697402954102, 9.399017333984375, 9.484891891479492, 9.689602851867676, 9.823590278625488, 9.941972732543945, 10.078363418579102, 10.080745697021484, 10.209234237670898, 10.399930953979492, 10.539247512817383, 10.714143753051758, 10.846354484558105, 10.969379425048828, 11.186019897460938, 11.174273490905762, 11.351922035217285, 11.532145500183105, 11.63167667388916, 11.677661895751953, 11.920915603637695, 12.048433303833008, 12.11523723602295, 12.349590301513672, 12.371786117553711, 12.559284210205078, 12.682071685791016, 12.864384651184082, 12.947503089904785, 13.040779113769531, 13.113953590393066, 13.220505714416504, 13.34963607788086, 13.538317680358887, 13.646451950073242, 13.788744926452637, 13.881485939025879, 13.998119354248047, 14.17624568939209, 14.26895809173584, 14.366080284118652, 14.548064231872559, 14.58190631866455, 14.813785552978516, 14.935358047485352, 15.033961296081543, 15.186614990234375, 15.245549201965332, 15.311126708984375, 15.50209903717041, 15.707687377929688, 15.683384895324707, 15.826735496520996, 15.960311889648438, 16.0583438873291, 16.196184158325195, 16.298744201660156, 16.418197631835938, 16.454370498657227, 16.698387145996094, 16.771493911743164, 16.933019638061523, 17.035865783691406, 17.152833938598633, 17.293060302734375, 17.39398193359375, 17.61720848083496, 17.529666900634766, 17.715173721313477, 17.776351928710938, 17.956893920898438, 17.949779510498047, 18.194398880004883, 18.268402099609375, 18.271961212158203, 18.37135124206543, 18.67257308959961, 18.648839950561523],