{"loss": [7.3554253578186035, 6.862553596496582, 6.7481465339660645, 6.651682376861572, 6.555690288543701, 6.4692487716674805, 6.37455415725708, 6.285609722137451, 6.203176021575928, 6.1388349533081055, 6.106653690338135, 6.062408447265625, 5.9945173263549805, 5.924507141113281, 5.8630900382995605, 5.789795398712158, 5.703181266784668, 5.621121406555176, 5.539342403411865, 5.445318698883057, 5.353385925292969, 5.2579545974731445, 5.168476104736328, 5.0744428634643555, 4.991270065307617, 4.895909309387207, 4.813648700714111, 4.726728439331055, 4.6578569412231445, 4.617671489715576, 4.654410362243652, 4.584911823272705, 4.49053430557251, 4.387856483459473, 4.296143531799316, 4.284665584564209, 4.204970836639404, 4.1223039627075195, 4.138026714324951, 4.013195991516113, 4.0908989906311035, 3.926408052444458, 3.898685932159424, 3.8185231685638428, 3.75514554977417, 3.7516486644744873, 3.647592306137085, 3.580580711364746, 3.5148122310638428, 3.4612300395965576, 3.4485108852386475, 3.3776326179504395, 3.3313989639282227, 3.368784189224243, 3.381333589553833, 3.3582515716552734, 3.2462730407714844, 3.160590410232544, 3.138697862625122, 3.1255507469177246, 3.308600425720215, 3.1245555877685547, 3.0741007328033447, 3.1017415523529053, 3.0566461086273193, 3.0206072330474854, 2.9651811122894287, 2.963358163833618, 2.965620756149292, 2.8802969455718994, 2.820895195007324, 2.771275043487549, 2.8580636978149414, 2.772845506668091, 2.8692080974578857, 2.8827123641967773, 3.273331880569458, 3.1065056324005127, 3.0104589462280273, 2.9460034370422363, 2.9045543670654297, 2.8779726028442383, 2.897503137588501, 2.8182618618011475, 2.7904834747314453, 2.7589259147644043, 2.702821969985962, 2.6395375728607178, 2.586498260498047, 2.526547431945801, 2.504277229309082, 2.4944660663604736, 2.450284957885742, 2.439584255218506, 2.392306089401245, 2.398141622543335, 2.331648588180542, 2.3153295516967773, 2.3038578033447266, 2.2995693683624268], "accuracy": [0.02713654190301895, 0.03037000633776188, 0.029796987771987915, 0.03155697509646416, 0.03417649120092392, 0.03634577617049217, 0.04039783775806427, 0.041502945125103, 0.04334479197859764, 0.0457187294960022, 0.04506384953856468, 0.045964308083057404, 0.04846103489398956, 0.05087590217590332, 0.05198100954294205, 0.05222658812999725, 0.054846104234457016, 0.057711198925971985, 0.05922560393810272, 0.060985591262578964, 0.06290929764509201, 0.06806647032499313, 0.06962180882692337, 0.07248689979314804, 0.07641617208719254, 0.08014079928398132, 0.08468402177095413, 0.091764897108078, 0.0956123098731041, 0.09872298687696457, 0.10150621831417084, 0.10564014315605164, 0.11055173724889755, 0.11988376080989838, 0.12725114822387695, 0.12753765285015106, 0.13686968386173248, 0.14685657620429993, 0.14521938562393188, 0.15958578884601593, 0.1578667312860489, 0.17268337309360504, 0.17694008350372314, 0.18250654637813568, 0.1953176110982895, 0.19527669250965118, 0.20759660005569458, 0.21398165822029114, 0.22364112734794617, 0.229412242770195, 0.2373117208480835, 0.24312376976013184, 0.2540929913520813, 0.2548297345638275, 0.2575311064720154, 0.2583906352519989, 0.26886868476867676, 0.2825392782688141, 0.2879420518875122, 0.2915438711643219, 0.2712016999721527, 0.2961689531803131, 0.3042321503162384, 0.30263587832450867, 0.30730190873146057, 0.31450557708740234, 0.3216682970523834, 0.32387852668762207, 0.32727569341659546, 0.3374672532081604, 0.3449164927005768, 0.3494187891483307, 0.345571368932724, 0.357481986284256, 0.3415602445602417, 0.3509331941604614, 0.3157334625720978, 0.332105427980423, 0.34004583954811096, 0.3446709215641022, 0.35269320011138916, 0.353511780500412, 0.35236576199531555, 0.36010152101516724, 0.3718893229961395, 0.37389490008354187, 0.38154879212379456, 0.38879337906837463, 0.4007039964199066, 0.40230026841163635, 0.4093811511993408, 0.4131467044353485, 0.41883593797683716, 0.4205549955368042, 0.4289865791797638, 0.42620334029197693, 0.43565815687179565, 0.4428618252277374, 0.4503110647201538, 0.45288965106010437], "val_loss": [7.231553554534912, 7.30497407913208, 7.394061088562012, 7.516136646270752, 7.572157382965088, 7.581006050109863, 7.711427211761475, 7.874233722686768, 7.999409198760986, 8.05291748046875, 8.102184295654297, 8.310868263244629, 8.365466117858887, 8.554024696350098, 8.581433296203613, 8.73999309539795, 8.828961372375488, 9.117940902709961, 9.283391952514648, 9.486201286315918, 9.701300621032715, 9.926959037780762, 10.152828216552734, 10.401506423950195, 10.486417770385742, 10.731637954711914, 10.940071105957031, 11.219063758850098, 11.350369453430176, 11.49986457824707, 11.526958465576172, 11.673806190490723, 11.915484428405762, 12.181819915771484, 12.459169387817383, 12.337175369262695, 12.496807098388672, 12.727543830871582, 12.781920433044434, 13.03703784942627, 13.097577095031738, 13.3578462600708, 13.397212982177734, 13.742757797241211, 13.937368392944336, 14.142379760742188, 14.497740745544434, 14.686803817749023, 14.765542984008789, 15.0765962600708, 15.206986427307129, 15.39122200012207, 15.641557693481445, 15.705230712890625, 15.739635467529297, 15.513862609863281, 15.970452308654785, 16.042333602905273, 16.20862579345703, 16.34176254272461, 16.162742614746094, 16.3283748626709, 16.55079460144043, 16.527816772460938, 16.667678833007812, 16.91196060180664, 17.034700393676758, 17.061464309692383, 17.267595291137695, 17.69828224182129, 17.75620460510254, 18.0488338470459, 17.951927185058594, 18.3496150970459, 17.911691665649414, 18.035053253173828, 17.16072654724121, 17.14369773864746, 17.325605392456055, 17.416351318359375, 17.52365493774414, 17.446866989135742, 17.5130672454834, 17.70933723449707, 18.276899337768555, 18.432003021240234, 18.57042121887207, 18.72126007080078, 18.7439022064209, 18.918371200561523, 18.979488372802734, 19.154464721679688, 19.278284072875977, 19.40938949584961, 19.520797729492188, 19.69618034362793, 19.89203643798828, 19.76378059387207, 20.24334144592285, 20.319332122802734],