{"loss": [7.246806621551514, 6.824575424194336, 6.695851802825928, 6.562560081481934, 6.439342975616455, 6.327895641326904, 6.235844612121582, 6.152896404266357, 6.074126720428467, 5.9926323890686035, 5.905541896820068, 5.817512035369873, 5.721096515655518, 5.800355911254883, 5.629741668701172, 5.520662784576416, 5.4666876792907715, 5.394202709197998, 5.279085636138916, 5.178058624267578, 5.091131687164307, 5.019499778747559, 4.909355163574219, 4.808920383453369, 4.706734657287598, 4.600047588348389, 4.5416646003723145, 4.467413902282715, 4.497976303100586, 4.371627330780029, 4.3164472579956055, 4.262765884399414, 4.219271659851074, 4.1576948165893555, 4.069228172302246, 3.9830288887023926, 3.9107069969177246, 3.8243772983551025, 3.7575230598449707, 3.7167274951934814, 3.6192541122436523, 3.5576043128967285, 3.4695680141448975, 3.406942367553711, 3.367392063140869, 3.313271999359131, 3.252701759338379, 3.2424726486206055, 3.2457337379455566, 3.22571063041687, 3.327064275741577, 3.326263666152954, 3.2910265922546387, 3.3373889923095703, 3.44507098197937, 3.399822950363159, 3.242086172103882, 3.0838241577148438, 2.9546170234680176, 2.885701894760132, 2.830808401107788, 2.8460004329681396, 2.8063747882843018, 2.7565531730651855, 2.7367336750030518, 2.6812543869018555, 2.63686466217041, 2.5989577770233154, 2.5647220611572266, 2.8251070976257324, 2.6158294677734375, 2.4411566257476807, 2.3799850940704346, 2.3584976196289062, 2.370961904525757, 2.4732415676116943, 2.3777644634246826, 2.2655105590820312, 2.2298829555511475, 2.273467540740967, 2.2957849502563477, 2.2312934398651123, 2.1815812587738037, 2.1711976528167725, 2.098313331604004, 2.0876293182373047, 2.0449414253234863, 2.0566577911376953, 2.1729979515075684, 2.0497446060180664, 1.9646512269973755, 1.9335031509399414, 1.9087871313095093, 1.8494850397109985, 1.8300002813339233, 1.7956393957138062, 1.8373171091079712, 1.9203258752822876, 1.7885403633117676, 1.7368638515472412], "accuracy": [0.027586771175265312, 0.02963326871395111, 0.030492795631289482, 0.03491322696208954, 0.037655532360076904, 0.042730845510959625, 0.046455468982458115, 0.04637360945343971, 0.04866568371653557, 0.050221022218465805, 0.053086116909980774, 0.05370006710290909, 0.057670269161462784, 0.055992141366004944, 0.05910281464457512, 0.06348232179880142, 0.06479207426309586, 0.0665520653128624, 0.07162737101316452, 0.07449246942996979, 0.07768500596284866, 0.08181892335414886, 0.08636214584112167, 0.09045513719320297, 0.09712672233581543, 0.10281597822904587, 0.10441224277019501, 0.11190242320299149, 0.11439915001392365, 0.12246234714984894, 0.12332187592983246, 0.12995252013206482, 0.13637852668762207, 0.14239521324634552, 0.15103143453598022, 0.15974950790405273, 0.16994106769561768, 0.17718565464019775, 0.1873772144317627, 0.19466273486614227, 0.20546823740005493, 0.21590536832809448, 0.224623441696167, 0.23506057262420654, 0.24328748881816864, 0.25274229049682617, 0.2625654935836792, 0.2701375186443329, 0.26919612288475037, 0.2717747092247009, 0.2613375782966614, 0.26096922159194946, 0.2621561884880066, 0.25687623023986816, 0.23911264538764954, 0.24234610795974731, 0.2661673128604889, 0.28945645689964294, 0.31454649567604065, 0.3281761705875397, 0.33513423800468445, 0.3325556516647339, 0.3380402624607086, 0.3492141366004944, 0.3538801670074463, 0.3630484640598297, 0.36812376976013184, 0.37651440501213074, 0.3876882791519165, 0.3503601849079132, 0.3794613480567932, 0.40606582164764404, 0.417812705039978, 0.42350196838378906, 0.4247708022594452, 0.4070890545845032, 0.42321544885635376, 0.4418795108795166, 0.44793713092803955, 0.4457678496837616, 0.4411018192768097, 0.453298956155777, 0.4621398150920868, 0.4630812108516693, 0.47712016105651855, 0.4758513569831848, 0.4881303310394287, 0.48526522517204285, 0.46827930212020874, 0.4953339993953705, 0.5035199522972107, 0.5103552937507629, 0.5218156576156616, 0.5309839844703674, 0.5361410975456238, 0.5439996719360352, 0.5345039367675781, 0.5275867581367493, 0.5427308678627014, 0.5553781986236572], "val_loss": [7.132089138031006, 7.2927327156066895, 7.42789888381958, 7.471587181091309, 7.619852542877197, 7.748780250549316, 7.968081474304199, 8.017093658447266, 8.083564758300781, 8.228312492370605, 8.452059745788574, 8.602181434631348, 8.620438575744629, 8.824383735656738, 8.90136432647705, 9.089103698730469, 9.251194953918457, 9.425456047058105, 9.626726150512695, 9.878893852233887, 10.23633098602295, 10.418869018554688, 10.687697410583496, 10.992105484008789, 11.34304428100586, 11.790694236755371, 12.077303886413574, 12.220673561096191, 12.453590393066406, 12.795784950256348, 12.95096492767334, 13.362286567687988, 13.55007553100586, 13.912956237792969, 13.949390411376953, 14.555171966552734, 14.80787467956543, 15.333709716796875, 15.430232048034668, 15.789523124694824, 15.96723461151123, 16.37903594970703, 16.84292984008789, 17.002965927124023, 17.218345642089844, 17.497779846191406, 17.80255889892578, 18.057275772094727, 17.779523849487305, 17.93788719177246, 17.209394454956055, 17.41095733642578, 17.27925682067871, 16.948871612548828, 17.045318603515625, 17.01194190979004, 18.090482711791992, 19.15620994567871, 19.909910202026367, 20.041805267333984, 20.204524993896484, 19.71210479736328, 20.48967742919922, 20.373720169067383, 20.485355377197266, 20.903541564941406, 21.039222717285156, 21.19554328918457, 20.72066879272461, 19.48392105102539, 21.690162658691406, 21.999759674072266, 22.041576385498047, 22.336162567138672, 22.12567710876465, 21.486127853393555, 22.617725372314453, 22.654220581054688, 23.01031494140625, 23.291641235351562, 22.536527633666992, 22.798961639404297, 22.948680877685547, 23.328044891357422, 23.441936492919922, 23.677213668823242, 23.727209091186523, 23.247467041015625, 23.160335540771484, 24.138044357299805, 24.402555465698242, 24.945711135864258, 25.004777908325195, 24.96129035949707, 25.036657333374023, 25.412458419799805, 25.497148513793945, 25.267309188842773, 25.439380645751953, 25.85401153564453],